Unsaved report,,,,,,,
"January 1, 2017 - July 31, 2019",,,,,,,
Day,Account,Currency,Conversions,Cost,Search Impr. share,Clicks,Impressions
7/13/2017,Google - Recruit - Desktop,USD,24.53,8433.04,67.47%,659,"18,556"
7/17/2017,Google - Recruit - Desktop,USD,17.03,6929.43,65.86%,576,"18,266"
8/3/2017,Google - Recruit - Desktop,USD,16.75,7293.85,77.03%,489,"14,594"
8/9/2017,Google - Recruit - Desktop,USD,27.5,7838.70,77.52%,514,"13,550"
10/3/2017,Google - Recruit - Desktop,USD,17.27,13060.14,75.77%,676,"22,289"
11/10/2017,Google - Recruit - Desktop,USD,5.7,1252.73,95.33%,172,"1,263"
11/28/2017,Google - Recruit - Desktop,USD,12,7199.54,84.53%,339,"4,905"
12/8/2017,Google - Recruit - Desktop,USD,10,5215.49,84.35%,266,"5,482"
12/21/2017,Google - Recruit - Desktop,USD,7.62,4702.09,90.25%,240,"4,874"
1/15/2018,Google - Recruit - Desktop,USD,19.5,9632.18,81.30%,471,"11,210"
1/6/2018,Google - Recruit - Desktop,USD,2,620.34,95.95%,64,545
9/16/2018,Google - Recruit - Desktop,USD,6.9,2856.46,70.48%,189,"5,090"
11/3/2018,Google - Recruit - Desktop,USD,1.7,1056.54,82.48%,73,"1,518"
12/19/2018,Google - Recruit - Desktop,USD,21.75,5354.74,82.51%,319,"6,085"
1/3/2019,Google - Recruit - Desktop,USD,28.29,8357.02,88.21%,480,"8,685"
2/20/2019,Google - Recruit - Desktop,USD,18,11480.80,80.23%,437,"9,042"
3/13/2019,Google - Recruit - Desktop,USD,22.53,10008.50,75.09%,476,"8,335"
6/18/2019,Google - Recruit - Desktop,USD,21.83,14362.55,86.81%,589,"10,218"
7/19/2019,Google - Recruit - Desktop,USD,17.1,9130.21,83.56%,488,"8,655"
12/24/2018,Google - Recruit - Desktop,USD,0,368.51,97.94%,47,427
6/26/2017,Google - Recruit - Desktop,USD,21.17,6865.23,76.73%,558,"18,480"
10/2/2017,Google - Recruit - Desktop,USD,32.88,12345.48,79.95%,688,"21,535"
11/1/2017,Google - Recruit - Desktop,USD,19.83,8081.06,82.08%,528,"11,772"
5/24/2018,Google - Recruit - Desktop,USD,25.83,7263.82,88.33%,490,"9,418"
6/21/2018,Google - Recruit - Desktop,USD,17.33,4266.48,88.69%,314,"6,436"
1/27/2018,Google - Recruit - Desktop,USD,1,711.74,96.88%,86,559
8/30/2018,Google - Recruit - Desktop,USD,23.78,6354.72,92.60%,361,"5,369"
10/18/2018,Google - Recruit - Desktop,USD,29,10971.43,83.47%,552,"14,478"
11/12/2018,Google - Recruit - Desktop,USD,23.5,8654.18,82.47%,487,"10,013"
12/5/2018,Google - Recruit - Desktop,USD,26.5,8004.81,76.86%,497,"10,020"
1/30/2019,Google - Recruit - Desktop,USD,29.33,8702.49,85.21%,470,"9,782"
4/9/2019,Google - Recruit - Desktop,USD,29,12336.21,49.62%,532,"12,186"
3/28/2017,Google - Recruit - Desktop,USD,19,8117.31,82.50%,556,"11,081"
9/1/2017,Google - Recruit - Desktop,USD,8,3904.61,93.64%,245,"3,212"
1/28/2018,Google - Recruit - Desktop,USD,1,597.32,97.48%,82,620
4/8/2018,Google - Recruit - Desktop,USD,10,3226.48,78.45%,199,"4,679"
6/8/2018,Google - Recruit - Desktop,USD,16,3710.72,88.49%,299,"5,898"
2/18/2019,Google - Recruit - Desktop,USD,9.83,6370.05,85.09%,209,"3,515"
4/16/2017,Google - Recruit - Desktop,USD,2,201.02,98.82%,58,335
4/12/2019,Google - Recruit - Desktop,USD,22,8111.48,52.30%,382,"8,221"
12/1/2017,Google - Recruit - Desktop,USD,3,3374.83,82.79%,258,"3,327"
1/19/2018,Google - Recruit - Desktop,USD,16,8956.54,75.47%,467,"12,140"
1/26/2018,Google - Recruit - Desktop,USD,16.5,8021.01,79.09%,466,"12,997"
3/10/2018,Google - Recruit - Desktop,USD,2.5,1903.55,92.58%,99,"1,708"
3/27/2018,Google - Recruit - Desktop,USD,20.33,12302.94,85.38%,607,"14,285"
9/13/2018,Google - Recruit - Desktop,USD,26.83,10108.31,82.25%,522,"10,196"
10/11/2018,Google - Recruit - Desktop,USD,29.17,11529.67,84.06%,622,"15,040"
2/24/2019,Google - Recruit - Desktop,USD,8,4408.08,85.45%,164,"3,565"
3/17/2019,Google - Recruit - Desktop,USD,4,1897.52,69.50%,115,"2,429"
6/4/2019,Google - Recruit - Desktop,USD,18.33,13625.24,57.36%,492,"12,233"
2/14/2017,Google - Recruit - Desktop,USD,17,5401.30,86.54%,501,"11,779"
4/18/2017,Google - Recruit - Desktop,USD,31,7496.13,87.18%,525,"13,656"
4/20/2017,Google - Recruit - Desktop,USD,18.32,7211.68,86.40%,537,"11,383"
7/21/2017,Google - Recruit - Desktop,USD,19.43,4816.37,76.43%,439,"13,049"
8/26/2017,Google - Recruit - Desktop,USD,1,551.40,89.78%,54,499
8/31/2017,Google - Recruit - Desktop,USD,17.67,5637.39,82.19%,392,"5,566"
10/10/2017,Google - Recruit - Desktop,USD,25.92,13279.52,73.56%,769,"21,585"
10/13/2017,Google - Recruit - Desktop,USD,18,9270.86,80.21%,601,"16,820"
2/12/2018,Google - Recruit - Desktop,USD,7.64,13287.17,81.02%,675,"17,566"
2/13/2018,Google - Recruit - Desktop,USD,18,12297.66,72.46%,586,"15,635"
6/2/2018,Google - Recruit - Desktop,USD,6.5,1402.31,83.40%,103,"2,291"
6/26/2018,Google - Recruit - Desktop,USD,14.67,7004.75,89.64%,331,"6,975"
7/18/2018,Google - Recruit - Desktop,USD,14.92,6134.35,91.22%,303,"6,459"
9/29/2018,Google - Recruit - Desktop,USD,5,2831.83,78.17%,131,"4,101"
10/3/2018,Google - Recruit - Desktop,USD,39.03,10686.38,83.87%,591,"15,727"
1/13/2019,Google - Recruit - Desktop,USD,10.5,3135.31,89.69%,170,"3,548"
2/4/2019,Google - Recruit - Desktop,USD,27.33,14257.60,88.58%,555,"10,023"
2/14/2019,Google - Recruit - Desktop,USD,10.67,9419.59,78.36%,416,"8,077"
3/21/2019,Google - Recruit - Desktop,USD,23.33,10360.64,73.97%,492,"9,380"
6/16/2019,Google - Recruit - Desktop,USD,0,1036.08,98.11%,31,518
3/20/2017,Google - Recruit - Desktop,USD,20,6114.28,83.18%,494,"11,376"
8/30/2017,Google - Recruit - Desktop,USD,14.83,6626.78,69.11%,464,"9,271"
12/18/2017,Google - Recruit - Desktop,USD,14.25,6051.91,89.16%,335,"6,048"
2/20/2018,Google - Recruit - Desktop,USD,12,15256.18,79.68%,670,"18,605"
3/25/2018,Google - Recruit - Desktop,USD,7.67,4151.04,87.75%,152,"3,174"
7/6/2018,Google - Recruit - Desktop,USD,11.83,5544.45,89.52%,225,"4,827"
7/25/2018,Google - Recruit - Desktop,USD,17.5,6648.67,87.02%,389,"7,756"
12/16/2017,Google - Recruit - Desktop,USD,2,1168.98,99.18%,59,"1,207"
11/17/2018,Google - Recruit - Desktop,USD,2.5,1373.74,75.51%,111,"2,858"
4/1/2017,Google - Recruit - Desktop,USD,3,163.57,97.91%,50,375
11/20/2018,Google - Recruit - Desktop,USD,19.5,3568.70,89.08%,250,"3,338"
2/9/2019,Google - Recruit - Desktop,USD,8,2771.44,88.37%,154,"3,059"
5/23/2017,Google - Recruit - Desktop,USD,15.33,6241.36,86.96%,355,"5,458"
1/12/2018,Google - Recruit - Desktop,USD,12.5,7336.39,78.72%,464,"11,649"
5/19/2018,Google - Recruit - Desktop,USD,3,2155.60,86.32%,144,"3,494"
8/6/2018,Google - Recruit - Desktop,USD,22.6,9835.66,70.96%,503,"14,714"
10/24/2018,Google - Recruit - Desktop,USD,21.5,10817.50,87.82%,566,"12,189"
11/5/2018,Google - Recruit - Desktop,USD,21.25,5617.95,89.70%,342,"5,800"
3/6/2019,Google - Recruit - Desktop,USD,10.5,8288.83,83.29%,447,"8,226"
6/27/2019,Google - Recruit - Desktop,USD,17,9872.09,81.57%,491,"9,439"
7/3/2019,Google - Recruit - Desktop,USD,9,7031.10,78.77%,346,"5,752"
6/19/2019,Google - Recruit - Desktop,USD,30.5,12303.72,77.97%,572,"9,359"
9/26/2017,Google - Recruit - Desktop,USD,13.08,10879.48,81.74%,688,"24,197"
12/5/2017,Google - Recruit - Desktop,USD,24.73,6143.41,86.13%,386,"7,087"
2/15/2018,Google - Recruit - Desktop,USD,19.5,10234.18,70.76%,586,"15,191"
4/27/2018,Google - Recruit - Desktop,USD,18.5,6780.42,85.20%,435,"10,587"
5/21/2018,Google - Recruit - Desktop,USD,25.5,6541.63,87.79%,491,"10,803"
9/20/2018,Google - Recruit - Desktop,USD,20,9620.86,82.03%,511,"12,047"
10/25/2018,Google - Recruit - Desktop,USD,27.42,10411.96,87.86%,584,"11,388"
4/23/2017,Google - Recruit - Desktop,USD,2,384.53,98.60%,93,424
1/18/2019,Google - Recruit - Desktop,USD,16.5,8329.71,81.74%,423,"7,074"
3/25/2019,Google - Recruit - Desktop,USD,23.88,11369.89,73.51%,433,"7,574"
4/20/2019,Google - Recruit - Desktop,USD,0,1894.06,78.13%,82,"1,567"
7/7/2019,Google - Recruit - Desktop,USD,0,199.76,98.36%,28,240
3/26/2018,Google - Recruit - Desktop,USD,18.17,11902.80,83.77%,558,"14,398"
4/4/2018,Google - Recruit - Desktop,USD,28.45,13130.90,77.59%,509,"13,206"
11/12/2017,Google - Recruit - Desktop,USD,0,405.15,99.22%,57,380
8/19/2018,Google - Recruit - Desktop,USD,10.83,2422.45,86.67%,141,"3,275"
10/2/2018,Google - Recruit - Desktop,USD,29,15641.90,82.83%,706,"16,352"
11/1/2018,Google - Recruit - Desktop,USD,13.33,6279.98,87.49%,299,"4,615"
6/4/2017,Google - Recruit - Desktop,USD,0,193.75,98.06%,58,456
8/5/2017,Google - Recruit - Desktop,USD,1,261.52,93.79%,55,483
1/1/2018,Google - Recruit - Desktop,USD,1,192.79,95.57%,32,302
3/1/2019,Google - Recruit - Desktop,USD,13.13,8348.31,78.03%,374,"6,437"
3/4/2019,Google - Recruit - Desktop,USD,30.25,12702.35,83.85%,490,"8,395"
4/13/2019,Google - Recruit - Desktop,USD,18.5,2219.19,79.47%,99,"1,708"
7/27/2017,Google - Recruit - Desktop,USD,27.5,7607.51,80.07%,508,"14,909"
8/16/2017,Google - Recruit - Desktop,USD,12.5,7346.29,71.85%,526,"12,323"
9/9/2017,Google - Recruit - Desktop,USD,1,570.12,91.83%,76,787
7/20/2018,Google - Recruit - Desktop,USD,9.67,4169.57,89.27%,250,"5,323"
8/1/2018,Google - Recruit - Desktop,USD,20.5,7246.22,78.67%,359,"8,750"
8/9/2018,Google - Recruit - Desktop,USD,24.33,7321.67,90.70%,448,"9,496"
11/18/2018,Google - Recruit - Desktop,USD,5.17,2558.60,74.55%,143,"3,878"
2/16/2019,Google - Recruit - Desktop,USD,7,2837.69,88.55%,136,"2,382"
6/7/2019,Google - Recruit - Desktop,USD,12,9951.66,87.47%,360,"6,311"
7/31/2019,Google - Recruit - Desktop,USD,18,12671.87,88.55%,483,"8,943"
5/21/2019,Google - Recruit - Desktop,USD,17.7,9768.21,87.24%,474,"6,925"
1/4/2017,Google - Recruit - Desktop,USD,16,5500.42,84.31%,415,"10,775"
2/11/2017,Google - Recruit - Desktop,USD,1,475.69,88.92%,76,915
5/26/2017,Google - Recruit - Desktop,USD,11.5,4032.10,90.53%,228,"4,290"
6/9/2017,Google - Recruit - Desktop,USD,11.67,4053.37,73.12%,305,"8,110"
10/1/2017,Google - Recruit - Desktop,USD,3,2007.54,90.33%,102,"1,681"
10/4/2017,Google - Recruit - Desktop,USD,22,9906.54,71.38%,635,"18,955"
11/17/2017,Google - Recruit - Desktop,USD,13,6771.50,84.83%,310,"6,621"
1/30/2018,Google - Recruit - Desktop,USD,27.98,12273.50,84.91%,650,"17,355"
3/1/2018,Google - Recruit - Desktop,USD,14.64,11669.47,79.00%,549,"17,428"
3/22/2018,Google - Recruit - Desktop,USD,25.33,14097.39,86.64%,586,"13,902"
4/17/2018,Google - Recruit - Desktop,USD,17.67,10676.70,84.86%,569,"11,344"
2/8/2019,Google - Recruit - Desktop,USD,16,8238.65,80.97%,436,"7,857"
11/24/2017,Google - Recruit - Desktop,USD,0.27,314.49,98.44%,61,379
12/26/2017,Google - Recruit - Desktop,USD,4,784.34,99.35%,94,607
3/19/2019,Google - Recruit - Desktop,USD,19.17,9555.51,71.38%,465,"8,848"
4/22/2019,Google - Recruit - Desktop,USD,25.2,11576.07,54.19%,522,"11,693"
2/28/2017,Google - Recruit - Desktop,USD,20,6066.22,84.79%,514,"11,498"
5/19/2017,Google - Recruit - Desktop,USD,20.25,5676.53,77.39%,373,"8,859"
7/24/2017,Google - Recruit - Desktop,USD,16,6935.90,71.85%,536,"15,709"
8/11/2017,Google - Recruit - Desktop,USD,14.58,5190.59,77.25%,398,"10,541"
1/3/2018,Google - Recruit - Desktop,USD,20.5,7521.84,86.72%,518,"13,023"
3/2/2018,Google - Recruit - Desktop,USD,16.5,10528.07,80.90%,514,"13,648"
5/25/2018,Google - Recruit - Desktop,USD,5,3809.50,89.31%,261,"4,546"
6/22/2018,Google - Recruit - Desktop,USD,9.58,4117.65,89.89%,238,"5,058"
12/11/2018,Google - Recruit - Desktop,USD,26.08,10040.61,85.57%,547,"10,566"
1/9/2019,Google - Recruit - Desktop,USD,30.25,10386.81,78.66%,525,"8,902"
7/8/2019,Google - Recruit - Desktop,USD,15.33,9776.10,72.58%,481,"8,949"
11/30/2018,Google - Recruit - Desktop,USD,5.33,575.49,99.28%,169,"1,383"
2/7/2017,Google - Recruit - Desktop,USD,23,6131.22,82.87%,482,"11,665"
4/6/2017,Google - Recruit - Desktop,USD,16.33,6617.97,84.64%,470,"10,778"
7/28/2017,Google - Recruit - Desktop,USD,8.83,5969.74,79.66%,426,"11,975"
8/2/2017,Google - Recruit - Desktop,USD,24.92,7104.61,71.79%,527,"14,893"
8/29/2017,Google - Recruit - Desktop,USD,20,5757.47,67.65%,513,"10,371"
10/25/2017,Google - Recruit - Desktop,USD,24.5,10579.61,86.40%,765,"20,878"
10/26/2017,Google - Recruit - Desktop,USD,31.4,11491.44,86.49%,718,"18,810"
1/8/2018,Google - Recruit - Desktop,USD,23.67,8472.10,86.42%,546,"15,185"
3/13/2018,Google - Recruit - Desktop,USD,34.03,12430.54,83.85%,669,"16,022"
6/11/2018,Google - Recruit - Desktop,USD,23.4,4782.30,88.36%,394,"8,025"
10/1/2018,Google - Recruit - Desktop,USD,27.75,10182.84,83.57%,584,"14,978"
10/5/2018,Google - Recruit - Desktop,USD,22.52,8755.36,83.27%,473,"11,862"
12/23/2018,Google - Recruit - Desktop,USD,0,84.72,95.63%,18,197
3/30/2019,Google - Recruit - Desktop,USD,0.5,1179.29,69.07%,91,"1,813"
2/3/2017,Google - Recruit - Desktop,USD,13,4422.55,86.33%,375,"10,139"
3/21/2017,Google - Recruit - Desktop,USD,24.75,7378.53,85.12%,549,"11,501"
5/17/2017,Google - Recruit - Desktop,USD,16,5964.21,78.26%,467,"11,442"
9/6/2017,Google - Recruit - Desktop,USD,27.97,7483.71,72.49%,543,"17,502"
2/11/2018,Google - Recruit - Desktop,USD,0,731.46,97.83%,65,495
3/15/2018,Google - Recruit - Desktop,USD,35.45,11379.92,87.99%,586,"13,307"
5/1/2018,Google - Recruit - Desktop,USD,29,8268.98,43.30%,641,"17,604"
9/4/2018,Google - Recruit - Desktop,USD,29.5,10474.27,88.88%,531,"9,588"
9/9/2018,Google - Recruit - Desktop,USD,7,2717.65,79.03%,162,"4,059"
10/28/2018,Google - Recruit - Desktop,USD,9,3100.79,82.06%,194,"4,629"
11/8/2018,Google - Recruit - Desktop,USD,26.17,9430.31,83.23%,470,"9,309"
5/27/2017,Google - Recruit - Desktop,USD,0,162.42,98.13%,42,262
4/16/2019,Google - Recruit - Desktop,USD,18,10011.18,54.12%,476,"9,768"
6/17/2019,Google - Recruit - Desktop,USD,12,13457.35,84.39%,555,"9,195"
1/28/2017,Google - Recruit - Desktop,USD,5,276.81,89.98%,83,"3,800"
6/1/2017,Google - Recruit - Desktop,USD,7.7,6009.27,84.90%,343,"6,347"
6/12/2017,Google - Recruit - Desktop,USD,14.5,6187.16,74.76%,438,"10,772"
6/23/2017,Google - Recruit - Desktop,USD,16.8,4823.05,75.35%,433,"13,320"
6/15/2018,Google - Recruit - Desktop,USD,7,4765.93,89.65%,291,"5,726"
8/27/2017,Google - Recruit - Desktop,USD,0.75,413.43,90.31%,61,466
12/23/2017,Google - Recruit - Desktop,USD,0,374.81,96.36%,41,291
12/3/2018,Google - Recruit - Desktop,USD,25.5,5794.63,83.76%,380,"6,965"
6/21/2019,Google - Recruit - Desktop,USD,5.08,8075.64,84.34%,385,"8,175"
3/16/2017,Google - Recruit - Desktop,USD,16,5934.62,82.80%,436,"10,063"
4/10/2017,Google - Recruit - Desktop,USD,17.13,7408.96,84.61%,502,"11,582"
8/15/2017,Google - Recruit - Desktop,USD,20.67,6322.26,77.33%,525,"12,579"
9/12/2017,Google - Recruit - Desktop,USD,26.33,9050.74,80.40%,585,"25,155"
1/9/2018,Google - Recruit - Desktop,USD,27.67,12800.67,85.83%,569,"15,880"
2/24/2018,Google - Recruit - Desktop,USD,3,2087.98,93.49%,99,"2,024"
5/4/2018,Google - Recruit - Desktop,USD,13,6030.70,<10%,441,"16,815"
12/17/2017,Google - Recruit - Desktop,USD,1,638.07,98.86%,45,"1,125"
1/10/2019,Google - Recruit - Desktop,USD,21.5,8254.42,78.12%,454,"8,234"
3/14/2019,Google - Recruit - Desktop,USD,16,8849.32,72.21%,408,"7,688"
1/27/2017,Google - Recruit - Desktop,USD,14.99,4443.36,85.27%,335,"8,330"
4/12/2017,Google - Recruit - Desktop,USD,21.25,6636.40,86.32%,494,"11,901"
6/7/2017,Google - Recruit - Desktop,USD,19,7035.20,75.07%,447,"10,983"
9/13/2017,Google - Recruit - Desktop,USD,25.17,10231.95,80.35%,633,"26,065"
9/20/2017,Google - Recruit - Desktop,USD,16.58,11163.46,74.85%,626,"21,876"
1/2/2018,Google - Recruit - Desktop,USD,21.37,6315.55,87.59%,404,"9,951"
3/20/2018,Google - Recruit - Desktop,USD,22.4,12559.42,85.63%,623,"14,898"
5/7/2017,Google - Recruit - Desktop,USD,0,645.54,98.51%,63,398
11/26/2018,Google - Recruit - Desktop,USD,23.53,8589.96,86.51%,459,"10,149"
12/17/2018,Google - Recruit - Desktop,USD,37,9294.94,87.83%,495,"10,505"
2/23/2019,Google - Recruit - Desktop,USD,3,2571.91,85.49%,128,"2,540"
6/3/2019,Google - Recruit - Desktop,USD,11.5,9787.03,63.00%,444,"10,401"
7/30/2019,Google - Recruit - Desktop,USD,13.5,13598.07,72.13%,547,"10,123"
9/2/2018,Google - Recruit - Desktop,USD,2,185.66,92.49%,25,197
1/17/2017,Google - Recruit - Desktop,USD,29.5,6864.45,86.32%,550,"16,254"
2/20/2017,Google - Recruit - Desktop,USD,13,5153.70,86.36%,392,"9,929"
3/29/2017,Google - Recruit - Desktop,USD,25.25,7078.62,87.44%,511,"12,070"
5/11/2017,Google - Recruit - Desktop,USD,19,6950.07,83.69%,452,"8,619"
3/5/2017,Google - Recruit - Desktop,USD,1,452.79,90.17%,110,"1,110"
12/15/2017,Google - Recruit - Desktop,USD,13.5,4310.04,88.56%,273,"5,035"
12/19/2017,Google - Recruit - Desktop,USD,18.33,6576.51,85.84%,322,"5,648"
2/10/2018,Google - Recruit - Desktop,USD,0,1170.79,99.44%,98,531
3/4/2018,Google - Recruit - Desktop,USD,3,2494.18,89.23%,114,"2,444"
5/9/2018,Google - Recruit - Desktop,USD,24.94,8141.68,84.13%,548,"10,818"
10/4/2018,Google - Recruit - Desktop,USD,22.95,12667.58,82.58%,580,"14,274"
10/10/2018,Google - Recruit - Desktop,USD,24.67,12058.98,84.13%,631,"15,408"
10/20/2018,Google - Recruit - Desktop,USD,6,3117.27,80.05%,195,"5,493"
3/26/2017,Google - Recruit - Desktop,USD,1,299.47,99.42%,86,515
1/1/2019,Google - Recruit - Desktop,USD,2,297.26,99.75%,57,397
5/31/2019,Google - Recruit - Desktop,USD,19.08,7450.50,91.91%,339,"4,907"
7/20/2019,Google - Recruit - Desktop,USD,2.5,959.69,91.46%,43,842
5/26/2019,Google - Recruit - Desktop,USD,1,199.23,98.26%,28,226
7/5/2017,Google - Recruit - Desktop,USD,17.67,5876.57,75.50%,489,"16,385"
8/17/2017,Google - Recruit - Desktop,USD,7.33,6270.25,69.57%,497,"11,839"
9/2/2017,Google - Recruit - Desktop,USD,1,433.58,96.91%,64,345
4/25/2018,Google - Recruit - Desktop,USD,29.32,11875.57,82.08%,653,"13,692"
4/28/2018,Google - Recruit - Desktop,USD,10,2865.97,82.93%,185,"4,751"
2/25/2017,Google - Recruit - Desktop,USD,2,239.01,86.35%,72,879
5/30/2017,Google - Recruit - Desktop,USD,13.34,4199.31,92.06%,339,"5,917"
8/14/2017,Google - Recruit - Desktop,USD,18.75,7050.54,69.83%,496,"12,412"
11/16/2017,Google - Recruit - Desktop,USD,12.82,7241.45,84.49%,387,"8,157"
12/13/2017,Google - Recruit - Desktop,USD,12.93,6189.82,81.09%,359,"6,500"
3/18/2018,Google - Recruit - Desktop,USD,2.5,3564.31,91.21%,156,"2,884"
12/12/2017,Google - Recruit - Desktop,USD,13.75,5781.59,87.29%,374,"7,299"
7/29/2017,Google - Recruit - Desktop,USD,1,385.09,92.48%,61,529
10/9/2018,Google - Recruit - Desktop,USD,26.15,13312.91,82.99%,591,"15,703"
8/13/2017,Google - Recruit - Desktop,USD,0,389.99,100.00%,61,458
1/16/2019,Google - Recruit - Desktop,USD,22,9056.17,75.45%,490,"8,702"
1/28/2019,Google - Recruit - Desktop,USD,19.5,10466.76,85.58%,539,"10,221"
4/17/2019,Google - Recruit - Desktop,USD,21.83,10164.45,49.97%,446,"11,124"
1/30/2017,Google - Recruit - Desktop,USD,14,5601.38,81.15%,401,"8,623"
7/4/2019,Google - Recruit - Desktop,USD,0,539.90,99.72%,43,350
3/31/2017,Google - Recruit - Desktop,USD,10.47,6060.63,87.15%,394,"9,452"
8/24/2017,Google - Recruit - Desktop,USD,21,6478.83,73.21%,563,"13,890"
10/22/2017,Google - Recruit - Desktop,USD,1,1785.76,91.97%,109,"1,511"
12/4/2017,Google - Recruit - Desktop,USD,10,5196.95,84.95%,328,"6,111"
1/16/2018,Google - Recruit - Desktop,USD,15.33,9376.94,78.11%,504,"14,097"
1/23/2018,Google - Recruit - Desktop,USD,29.17,11207.90,78.88%,530,"14,870"
2/26/2018,Google - Recruit - Desktop,USD,19,12841.96,72.74%,582,"16,019"
4/21/2018,Google - Recruit - Desktop,USD,4,2525.23,74.95%,140,"2,645"
6/5/2018,Google - Recruit - Desktop,USD,21.17,6224.30,89.91%,467,"8,352"
6/29/2018,Google - Recruit - Desktop,USD,11.08,4399.48,90.04%,181,"3,949"
7/24/2018,Google - Recruit - Desktop,USD,15,6859.87,87.08%,369,"7,713"
2/17/2018,Google - Recruit - Desktop,USD,0,700.18,99.76%,61,421
6/18/2017,Google - Recruit - Desktop,USD,0,195.80,99.10%,53,329
1/17/2019,Google - Recruit - Desktop,USD,48.5,9098.98,78.20%,473,"8,228"
1/29/2019,Google - Recruit - Desktop,USD,30.67,10136.19,81.72%,493,"8,539"
2/2/2019,Google - Recruit - Desktop,USD,2,3001.16,89.84%,151,"3,412"
2/25/2019,Google - Recruit - Desktop,USD,21.5,10420.13,81.71%,444,"9,458"
7/2/2019,Google - Recruit - Desktop,USD,9,8834.99,80.35%,447,"8,118"
2/2/2017,Google - Recruit - Desktop,USD,23,5879.75,79.86%,456,"11,609"
5/18/2017,Google - Recruit - Desktop,USD,19.3,5993.50,76.95%,447,"10,808"
11/29/2017,Google - Recruit - Desktop,USD,12.12,6225.77,83.01%,293,"4,418"
1/29/2018,Google - Recruit - Desktop,USD,23.28,12580.59,79.28%,661,"16,175"
4/1/2018,Google - Recruit - Desktop,USD,0,2367.26,91.02%,123,"2,686"
10/30/2018,Google - Recruit - Desktop,USD,20.2,5400.52,91.08%,308,"4,546"
3/18/2017,Google - Recruit - Desktop,USD,2,233.60,99.05%,85,419
4/9/2017,Google - Recruit - Desktop,USD,1,190.15,99.55%,76,442
3/26/2019,Google - Recruit - Desktop,USD,17.17,8539.43,71.14%,411,"6,321"
2/19/2017,Google - Recruit - Desktop,USD,1,307.85,84.21%,71,928
8/21/2017,Google - Recruit - Desktop,USD,15,6347.44,68.63%,486,"12,406"
8/20/2017,Google - Recruit - Desktop,USD,2,573.00,93.64%,77,486
8/25/2018,Google - Recruit - Desktop,USD,8,2906.34,89.52%,139,"2,921"
4/7/2017,Google - Recruit - Desktop,USD,19.58,4620.36,86.54%,382,"9,113"
4/28/2017,Google - Recruit - Desktop,USD,17.33,5197.15,87.39%,371,"8,418"
10/9/2017,Google - Recruit - Desktop,USD,26.83,10586.94,77.57%,633,"19,206"
11/18/2017,Google - Recruit - Desktop,USD,0,992.43,95.49%,47,678
11/21/2017,Google - Recruit - Desktop,USD,4,5250.73,87.40%,318,"4,059"
7/1/2018,Google - Recruit - Desktop,USD,4,459.31,81.82%,41,"1,544"
9/7/2018,Google - Recruit - Desktop,USD,19.32,8790.67,86.33%,388,"7,823"
5/29/2017,Google - Recruit - Desktop,USD,4,174.01,98.66%,62,369
11/9/2018,Google - Recruit - Desktop,USD,15.15,9487.99,83.15%,392,"8,128"
1/19/2019,Google - Recruit - Desktop,USD,3.5,1828.97,85.38%,129,"2,570"
2/17/2019,Google - Recruit - Desktop,USD,7.5,2768.81,87.59%,129,"3,204"
3/15/2019,Google - Recruit - Desktop,USD,17.33,7748.74,70.82%,348,"6,982"
4/2/2019,Google - Recruit - Desktop,USD,19.42,9241.65,18.35%,456,"11,352"
5/16/2019,Google - Recruit - Desktop,USD,12.78,7343.17,82.64%,344,"6,144"
3/3/2017,Google - Recruit - Desktop,USD,16.5,5540.60,87.98%,416,"10,251"
3/13/2017,Google - Recruit - Desktop,USD,14,6454.65,86.85%,428,"10,508"
4/25/2017,Google - Recruit - Desktop,USD,19.34,7569.72,87.89%,610,"12,822"
2/18/2017,Google - Recruit - Desktop,USD,0,290.07,84.73%,67,910
9/3/2017,Google - Recruit - Desktop,USD,2,275.11,98.61%,37,284
1/4/2018,Google - Recruit - Desktop,USD,17.67,8223.33,88.42%,518,"13,985"
6/25/2018,Google - Recruit - Desktop,USD,17.67,5875.17,89.88%,333,"6,770"
7/17/2018,Google - Recruit - Desktop,USD,14.67,6704.07,90.87%,333,"6,830"
7/29/2018,Google - Recruit - Desktop,USD,9.5,2321.37,84.39%,123,"3,331"
6/13/2018,Google - Recruit - Desktop,USD,21.33,5943.17,90.45%,389,"8,141"
8/6/2017,Google - Recruit - Desktop,USD,3,360.60,98.39%,72,429
12/28/2017,Google - Recruit - Desktop,USD,3.83,1309.29,98.96%,151,854
11/28/2018,Google - Recruit - Desktop,USD,27.67,8311.22,83.11%,468,"8,558"
1/2/2019,Google - Recruit - Desktop,USD,18.42,5383.79,82.23%,372,"6,536"
1/5/2019,Google - Recruit - Desktop,USD,4,2062.78,88.18%,129,"2,349"
2/23/2017,Google - Recruit - Desktop,USD,27.39,6399.25,86.03%,446,"11,125"
4/11/2017,Google - Recruit - Desktop,USD,17,7616.38,87.80%,499,"12,182"
8/23/2017,Google - Recruit - Desktop,USD,21,7929.73,74.34%,587,"14,143"
8/25/2017,Google - Recruit - Desktop,USD,14.25,5127.11,72.46%,406,"10,836"
9/27/2017,Google - Recruit - Desktop,USD,24.94,12502.89,81.58%,749,"23,744"
9/29/2017,Google - Recruit - Desktop,USD,16.19,8401.02,81.80%,520,"17,030"
10/30/2017,Google - Recruit - Desktop,USD,33.7,11130.40,85.30%,771,"19,413"
4/11/2018,Google - Recruit - Desktop,USD,27,14963.29,85.41%,585,"12,830"
5/2/2018,Google - Recruit - Desktop,USD,22.4,9063.76,<10%,617,"17,995"
7/9/2018,Google - Recruit - Desktop,USD,11.67,4792.71,91.01%,227,"6,012"
8/11/2018,Google - Recruit - Desktop,USD,6.83,2393.30,85.03%,118,"2,844"
1/8/2019,Google - Recruit - Desktop,USD,22.58,11190.24,86.26%,505,"8,748"
5/12/2019,Google - Recruit - Desktop,USD,4.2,3286.17,80.80%,92,"1,557"
7/6/2019,Google - Recruit - Desktop,USD,1,315.40,99.52%,34,209
2/6/2017,Google - Recruit - Desktop,USD,17,5431.18,83.49%,449,"11,774"
2/8/2017,Google - Recruit - Desktop,USD,18,6284.82,85.12%,503,"11,802"
6/13/2017,Google - Recruit - Desktop,USD,28.5,7380.44,75.73%,450,"10,795"
8/1/2017,Google - Recruit - Desktop,USD,21.33,6912.90,82.31%,494,"15,880"
9/18/2017,Google - Recruit - Desktop,USD,21.5,11324.18,78.77%,651,"22,753"
11/8/2017,Google - Recruit - Desktop,USD,19.08,8514.24,85.29%,446,"8,982"
4/12/2018,Google - Recruit - Desktop,USD,13.5,11746.05,85.32%,515,"11,890"
4/16/2018,Google - Recruit - Desktop,USD,17.33,11080.62,85.62%,498,"11,382"
7/16/2017,Google - Recruit - Desktop,USD,1,499.60,94.20%,98,829
4/27/2017,Google - Recruit - Desktop,USD,22.48,7066.68,87.90%,509,"11,496"
7/14/2017,Google - Recruit - Desktop,USD,15.5,5888.08,69.53%,432,"14,873"
10/27/2017,Google - Recruit - Desktop,USD,28.17,8610.87,85.28%,537,"14,429"
10/31/2017,Google - Recruit - Desktop,USD,34.25,9021.97,85.40%,633,"17,310"
12/9/2017,Google - Recruit - Desktop,USD,1,1396.87,99.42%,63,"1,033"
5/7/2018,Google - Recruit - Desktop,USD,22.78,6363.81,84.56%,505,"10,286"
8/28/2018,Google - Recruit - Desktop,USD,26,11040.43,91.25%,561,"10,808"
10/14/2018,Google - Recruit - Desktop,USD,9,4218.10,77.52%,243,"7,738"
4/15/2017,Google - Recruit - Desktop,USD,0.2,204.37,99.05%,52,313
6/25/2017,Google - Recruit - Desktop,USD,1,272.29,99.25%,72,397
5/28/2018,Google - Recruit - Desktop,USD,1.5,411.68,95.23%,74,499
11/7/2018,Google - Recruit - Desktop,USD,20.33,8809.05,83.98%,434,"8,245"
11/14/2018,Google - Recruit - Desktop,USD,30.75,9090.24,84.04%,512,"10,389"
12/13/2018,Google - Recruit - Desktop,USD,24.25,8582.85,85.89%,449,"9,646"
1/26/2019,Google - Recruit - Desktop,USD,5.58,1873.39,86.94%,137,"2,949"
4/1/2019,Google - Recruit - Desktop,USD,12.25,8970.93,43.61%,443,"11,338"
3/3/2019,Google - Recruit - Desktop,USD,5,2778.01,89.15%,157,"3,351"
2/10/2017,Google - Recruit - Desktop,USD,10.99,5265.74,86.87%,409,"9,882"
6/6/2017,Google - Recruit - Desktop,USD,23.5,6840.16,74.39%,463,"10,993"
9/14/2017,Google - Recruit - Desktop,USD,19.7,9720.73,78.24%,586,"23,770"
10/8/2017,Google - Recruit - Desktop,USD,2.33,996.94,91.41%,93,"1,635"
12/6/2017,Google - Recruit - Desktop,USD,17.5,6905.65,87.19%,362,"7,194"
4/19/2018,Google - Recruit - Desktop,USD,15.45,7873.62,83.84%,516,"10,741"
8/18/2018,Google - Recruit - Desktop,USD,6,2490.53,87.85%,139,"2,975"
9/3/2018,Google - Recruit - Desktop,USD,1.17,627.18,96.44%,49,434
10/22/2018,Google - Recruit - Desktop,USD,23.92,11059.96,83.09%,564,"15,599"
12/1/2018,Google - Recruit - Desktop,USD,0,274.18,96.09%,47,392
1/12/2019,Google - Recruit - Desktop,USD,5.5,1682.59,87.40%,116,"2,456"
2/3/2019,Google - Recruit - Desktop,USD,9,3325.18,89.60%,164,"4,662"
3/24/2019,Google - Recruit - Desktop,USD,4,3030.69,75.50%,131,"2,829"
4/7/2019,Google - Recruit - Desktop,USD,0,2967.80,77.59%,131,"2,305"
7/24/2019,Google - Recruit - Desktop,USD,13.5,13572.28,88.33%,600,"12,293"
2/26/2017,Google - Recruit - Desktop,USD,1,295.34,89.07%,68,"1,035"
7/6/2017,Google - Recruit - Desktop,USD,23.75,6766.67,71.74%,597,"17,982"
9/15/2017,Google - Recruit - Desktop,USD,15.75,7787.72,75.76%,467,"17,159"
10/29/2017,Google - Recruit - Desktop,USD,2,1296.34,92.48%,112,"1,537"
1/31/2018,Google - Recruit - Desktop,USD,14,4337.50,85.88%,261,"6,871"
6/30/2018,Google - Recruit - Desktop,USD,0,587.84,84.18%,43,"1,160"
7/19/2018,Google - Recruit - Desktop,USD,15.58,5439.03,90.92%,328,"6,021"
7/30/2018,Google - Recruit - Desktop,USD,17.1,7358.54,76.41%,389,"9,271"
12/24/2017,Google - Recruit - Desktop,USD,0,235.68,98.41%,27,248
9/27/2018,Google - Recruit - Desktop,USD,20.67,10241.02,81.63%,484,"11,892"
12/14/2018,Google - Recruit - Desktop,USD,22.67,6815.07,85.46%,385,"7,998"
4/23/2019,Google - Recruit - Desktop,USD,22.17,11503.88,52.79%,499,"11,805"
4/26/2019,Google - Recruit - Desktop,USD,13,10083.80,51.11%,399,"8,682"
4/29/2019,Google - Recruit - Desktop,USD,21.37,11795.10,64.30%,434,"10,848"
6/28/2017,Google - Recruit - Desktop,USD,25.67,6855.91,76.88%,533,"16,500"
9/24/2017,Google - Recruit - Desktop,USD,6,1971.54,90.47%,96,"1,277"
2/21/2018,Google - Recruit - Desktop,USD,27.5,12696.53,82.63%,657,"17,016"
3/16/2018,Google - Recruit - Desktop,USD,6.5,8765.16,86.01%,417,"10,922"
7/2/2018,Google - Recruit - Desktop,USD,14,4713.09,88.56%,207,"4,770"
8/16/2018,Google - Recruit - Desktop,USD,20.43,8529.98,92.10%,472,"9,472"
1/31/2019,Google - Recruit - Desktop,USD,24.01,10732.22,88.59%,500,"9,493"
4/21/2019,Google - Recruit - Desktop,USD,6,2192.84,72.82%,92,"1,845"
5/23/2019,Google - Recruit - Desktop,USD,33.49,11665.83,89.51%,461,"6,343"
7/28/2019,Google - Recruit - Desktop,USD,3.67,2434.03,92.23%,78,"1,069"
5/25/2017,Google - Recruit - Desktop,USD,13.17,4502.76,91.12%,302,"5,601"
7/19/2017,Google - Recruit - Desktop,USD,17.35,6906.07,66.82%,565,"19,626"
8/19/2017,Google - Recruit - Desktop,USD,0,465.78,87.17%,63,435
3/14/2018,Google - Recruit - Desktop,USD,22.83,11207.79,88.05%,621,"14,631"
4/29/2018,Google - Recruit - Desktop,USD,7,3809.38,82.05%,239,"5,951"
9/23/2018,Google - Recruit - Desktop,USD,7.7,3832.74,72.40%,204,"5,702"
7/4/2017,Google - Recruit - Desktop,USD,0,67.30,98.63%,16,216
7/21/2019,Google - Recruit - Desktop,USD,0,604.76,91.18%,52,"1,020"
3/31/2019,Google - Recruit - Desktop,USD,5.5,1839.57,67.08%,119,"2,461"
1/10/2017,Google - Recruit - Desktop,USD,19,6381.13,85.43%,429,"11,694"
11/24/2018,Google - Recruit - Desktop,USD,1,200.70,97.88%,36,277
1/1/2017,Google - Recruit - Desktop,USD,0,104.56,97.06%,47,297
4/24/2017,Google - Recruit - Desktop,USD,30,8272.62,87.38%,571,"12,213"
8/7/2017,Google - Recruit - Desktop,USD,11.33,7179.38,76.62%,455,"14,130"
2/9/2018,Google - Recruit - Desktop,USD,1.79,6829.95,87.63%,353,"6,464"
2/14/2018,Google - Recruit - Desktop,USD,13,8528.33,79.26%,485,"12,400"
2/23/2018,Google - Recruit - Desktop,USD,27.83,10535.70,73.92%,499,"12,812"
5/23/2018,Google - Recruit - Desktop,USD,25.83,8665.78,86.91%,567,"10,505"
7/15/2018,Google - Recruit - Desktop,USD,5.5,861.88,83.49%,85,"1,831"
5/26/2018,Google - Recruit - Desktop,USD,0,271.49,97.22%,50,385
8/29/2018,Google - Recruit - Desktop,USD,39.2,10996.84,91.29%,558,"10,414"
9/14/2018,Google - Recruit - Desktop,USD,20.7,8436.33,80.54%,424,"9,047"
11/15/2018,Google - Recruit - Desktop,USD,23.5,8124.49,78.24%,428,"8,724"
2/26/2019,Google - Recruit - Desktop,USD,18.67,11545.22,78.63%,480,"9,163"
5/28/2017,Google - Recruit - Desktop,USD,0,92.56,93.20%,37,233
2/7/2018,Google - Recruit - Desktop,USD,0,399.15,97.25%,96,707
2/11/2019,Google - Recruit - Desktop,USD,21.17,10728.94,76.62%,474,"9,419"
2/28/2019,Google - Recruit - Desktop,USD,16.17,10942.85,79.64%,426,"7,584"
4/24/2019,Google - Recruit - Desktop,USD,40.5,10510.19,54.45%,495,"10,828"
5/2/2019,Google - Recruit - Desktop,USD,24.83,10163.57,46.80%,444,"9,125"
5/5/2019,Google - Recruit - Desktop,USD,4,3864.45,76.84%,146,"2,099"
1/6/2017,Google - Recruit - Desktop,USD,18,4525.79,85.51%,363,"8,803"
2/1/2017,Google - Recruit - Desktop,USD,15,5970.24,84.69%,415,"11,552"
4/21/2017,Google - Recruit - Desktop,USD,25.94,6681.18,89.34%,387,"9,195"
7/31/2017,Google - Recruit - Desktop,USD,6.5,6208.95,82.32%,520,"14,711"
9/8/2017,Google - Recruit - Desktop,USD,23.08,6193.62,75.88%,478,"14,936"
9/21/2017,Google - Recruit - Desktop,USD,30.83,11869.68,74.87%,718,"24,858"
11/14/2017,Google - Recruit - Desktop,USD,17.58,8362.99,83.30%,432,"9,145"
5/13/2018,Google - Recruit - Desktop,USD,2.33,2270.48,80.34%,161,"3,713"
5/30/2018,Google - Recruit - Desktop,USD,21.33,7570.96,88.62%,522,"10,456"
6/12/2018,Google - Recruit - Desktop,USD,17.03,6916.26,89.62%,430,"8,302"
7/30/2017,Google - Recruit - Desktop,USD,1,382.78,95.37%,69,474
5/15/2018,Google - Recruit - Desktop,USD,25.5,7220.74,88.62%,531,"11,104"
4/19/2019,Google - Recruit - Desktop,USD,8.5,6381.06,55.86%,322,"7,942"
6/6/2019,Google - Recruit - Desktop,USD,11.92,13213.22,85.39%,451,"7,713"
2/13/2017,Google - Recruit - Desktop,USD,16,6448.93,85.70%,480,"11,747"
2/21/2017,Google - Recruit - Desktop,USD,20.5,6431.34,85.36%,486,"11,766"
3/17/2017,Google - Recruit - Desktop,USD,17.25,5253.98,85.13%,342,"8,573"
10/7/2017,Google - Recruit - Desktop,USD,2,951.42,90.29%,82,"1,278"
11/27/2017,Google - Recruit - Desktop,USD,12.5,4456.52,88.81%,306,"4,329"
2/19/2018,Google - Recruit - Desktop,USD,28.33,10392.55,75.05%,580,"14,836"
3/17/2018,Google - Recruit - Desktop,USD,4,1846.53,94.29%,99,"2,228"
3/29/2018,Google - Recruit - Desktop,USD,18.5,10870.17,78.33%,529,"12,290"
4/13/2018,Google - Recruit - Desktop,USD,11,10522.12,85.11%,473,"8,707"
4/24/2018,Google - Recruit - Desktop,USD,13.58,8754.89,82.86%,590,"12,879"
11/26/2017,Google - Recruit - Desktop,USD,4,767.07,97.51%,69,391
8/10/2018,Google - Recruit - Desktop,USD,22.7,7025.51,91.21%,369,"7,548"
10/8/2018,Google - Recruit - Desktop,USD,30.2,11875.37,82.84%,584,"14,352"
1/11/2019,Google - Recruit - Desktop,USD,23,8398.49,85.15%,409,"7,821"
1/23/2019,Google - Recruit - Desktop,USD,26.75,11636.11,80.95%,559,"9,474"
1/25/2019,Google - Recruit - Desktop,USD,26.5,7099.66,81.54%,394,"7,741"
2/6/2019,Google - Recruit - Desktop,USD,11.95,9998.23,71.88%,465,"9,487"
11/25/2018,Google - Recruit - Desktop,USD,1.2,345.59,97.44%,45,342
2/19/2019,Google - Recruit - Desktop,USD,17,11380.99,78.86%,457,"8,436"
5/14/2019,Google - Recruit - Desktop,USD,24.75,12574.06,60.15%,506,"10,719"
6/29/2017,Google - Recruit - Desktop,USD,20,5678.63,75.83%,498,"15,949"
2/8/2018,Google - Recruit - Desktop,USD,3,4865.05,96.08%,246,"2,721"
7/28/2018,Google - Recruit - Desktop,USD,1,1910.07,83.97%,85,"2,658"
5/18/2018,Google - Recruit - Desktop,USD,15.49,6375.08,86.94%,463,"8,351"
1/14/2019,Google - Recruit - Desktop,USD,32,9403.77,81.43%,500,"9,159"
2/15/2019,Google - Recruit - Desktop,USD,26,9919.41,81.65%,407,"6,984"
5/3/2019,Google - Recruit - Desktop,USD,16.17,9239.37,61.97%,359,"7,385"
4/3/2019,Google - Recruit - Desktop,USD,12.5,9660.70,30.35%,469,"11,068"
6/12/2019,Google - Recruit - Desktop,USD,19.83,16076.99,86.87%,515,"8,530"
11/23/2018,Google - Recruit - Desktop,USD,3,229.96,99.34%,47,448
6/14/2017,Google - Recruit - Desktop,USD,11.83,5904.03,75.56%,409,"10,156"
6/20/2017,Google - Recruit - Desktop,USD,18.62,6298.01,<10%,491,"15,624"
8/22/2017,Google - Recruit - Desktop,USD,25,5902.30,72.49%,551,"14,054"
9/19/2017,Google - Recruit - Desktop,USD,30.67,11300.06,75.66%,686,"22,603"
10/18/2017,Google - Recruit - Desktop,USD,30.33,10639.32,82.96%,771,"20,733"
10/20/2017,Google - Recruit - Desktop,USD,22,9110.72,82.88%,563,"15,809"
11/4/2017,Google - Recruit - Desktop,USD,1,1360.17,98.14%,89,634
8/5/2018,Google - Recruit - Desktop,USD,6.33,2061.97,84.88%,123,"3,573"
8/12/2018,Google - Recruit - Desktop,USD,10,3022.52,84.41%,170,"3,554"
8/17/2018,Google - Recruit - Desktop,USD,17.67,7245.70,89.59%,383,"7,407"
7/15/2017,Google - Recruit - Desktop,USD,0.5,320.59,93.62%,69,572
4/28/2019,Google - Recruit - Desktop,USD,1.33,3122.97,75.56%,104,"2,198"
5/8/2019,Google - Recruit - Desktop,USD,32.17,9599.30,48.67%,432,"7,327"
1/20/2017,Google - Recruit - Desktop,USD,23.33,5355.31,85.96%,408,"12,344"
3/23/2017,Google - Recruit - Desktop,USD,21.5,6489.97,85.38%,479,"10,854"
3/24/2017,Google - Recruit - Desktop,USD,19.86,5705.52,86.47%,391,"9,165"
4/17/2017,Google - Recruit - Desktop,USD,24.47,8471.25,86.75%,548,"13,661"
5/15/2017,Google - Recruit - Desktop,USD,18.19,5415.84,82.49%,445,"9,271"
3/7/2018,Google - Recruit - Desktop,USD,28.83,14903.72,79.01%,661,"17,012"
4/5/2018,Google - Recruit - Desktop,USD,17.5,14006.13,72.00%,489,"10,871"
8/21/2018,Google - Recruit - Desktop,USD,32.33,9613.09,92.45%,540,"10,281"
10/13/2018,Google - Recruit - Desktop,USD,4.5,3225.46,79.86%,176,"5,510"
5/13/2017,Google - Recruit - Desktop,USD,2,228.34,96.36%,61,318
4/14/2019,Google - Recruit - Desktop,USD,3,2734.87,76.69%,124,"2,231"
7/25/2019,Google - Recruit - Desktop,USD,16.33,14315.15,88.57%,616,"11,728"
3/2/2019,Google - Recruit - Desktop,USD,3.2,2483.91,88.20%,131,"2,380"
5/13/2019,Google - Recruit - Desktop,USD,11.9,13347.55,64.07%,486,"10,536"
3/6/2017,Google - Recruit - Desktop,USD,22,6192.57,88.24%,536,"11,738"
6/19/2017,Google - Recruit - Desktop,USD,16.01,5449.92,72.57%,402,"10,311"
6/22/2017,Google - Recruit - Desktop,USD,20,6001.95,76.15%,563,"16,286"
8/4/2017,Google - Recruit - Desktop,USD,10.58,4882.24,78.26%,409,"10,661"
9/5/2017,Google - Recruit - Desktop,USD,22.93,6183.40,60.86%,486,"10,982"
11/7/2017,Google - Recruit - Desktop,USD,19,8447.24,81.37%,411,"8,663"
1/24/2018,Google - Recruit - Desktop,USD,32.17,11370.91,76.30%,578,"15,992"
7/21/2018,Google - Recruit - Desktop,USD,4,3107.30,87.00%,154,"2,864"
11/19/2017,Google - Recruit - Desktop,USD,0,1135.62,97.42%,54,603
6/4/2018,Google - Recruit - Desktop,USD,20.75,6259.22,87.77%,422,"8,463"
9/6/2018,Google - Recruit - Desktop,USD,24,10105.59,87.06%,538,"9,852"
8/10/2017,Google - Recruit - Desktop,USD,11.5,5840.21,75.60%,471,"13,909"
3/5/2018,Google - Recruit - Desktop,USD,28.67,10515.90,81.34%,584,"16,985"
3/28/2018,Google - Recruit - Desktop,USD,11.5,11231.16,74.74%,570,"12,940"
12/10/2017,Google - Recruit - Desktop,USD,1.5,719.23,98.35%,70,"1,190"
8/14/2018,Google - Recruit - Desktop,USD,25.5,8631.87,91.42%,501,"9,682"
8/20/2018,Google - Recruit - Desktop,USD,32.33,8060.56,91.96%,475,"9,633"
9/10/2018,Google - Recruit - Desktop,USD,33.77,10353.68,86.07%,549,"9,619"
9/28/2018,Google - Recruit - Desktop,USD,17.33,8942.80,81.57%,441,"9,477"
10/21/2018,Google - Recruit - Desktop,USD,7.5,3506.42,77.96%,256,"8,161"
11/27/2018,Google - Recruit - Desktop,USD,26.53,10761.14,84.88%,477,"10,795"
3/9/2019,Google - Recruit - Desktop,USD,5,1857.37,75.04%,125,"2,599"
3/23/2019,Google - Recruit - Desktop,USD,4,3133.02,72.23%,134,"2,254"
5/18/2019,Google - Recruit - Desktop,USD,0,1146.02,90.23%,53,656
6/5/2019,Google - Recruit - Desktop,USD,30,13103.42,81.19%,520,"8,982"
7/17/2019,Google - Recruit - Desktop,USD,16.45,12573.85,85.90%,664,"12,437"
2/12/2019,Google - Recruit - Desktop,USD,34.5,11484.13,69.71%,455,"9,299"
1/19/2017,Google - Recruit - Desktop,USD,22,6445.37,86.25%,510,"16,059"
1/26/2017,Google - Recruit - Desktop,USD,19,5707.81,86.03%,375,"9,662"
3/2/2017,Google - Recruit - Desktop,USD,23,6499.01,87.69%,520,"11,798"
3/7/2017,Google - Recruit - Desktop,USD,29.33,7315.83,86.50%,574,"12,264"
3/10/2017,Google - Recruit - Desktop,USD,18.5,4959.79,83.62%,373,"8,456"
9/10/2017,Google - Recruit - Desktop,USD,3,736.13,93.61%,81,"1,084"
9/16/2017,Google - Recruit - Desktop,USD,2,1113.31,95.00%,78,987
12/7/2017,Google - Recruit - Desktop,USD,16,6391.45,83.89%,343,"7,045"
3/24/2018,Google - Recruit - Desktop,USD,6,4342.32,91.72%,137,"2,635"
5/22/2018,Google - Recruit - Desktop,USD,15,7948.01,88.03%,499,"11,084"
11/25/2017,Google - Recruit - Desktop,USD,1,355.51,98.15%,32,265
1/20/2019,Google - Recruit - Desktop,USD,9,2541.50,86.23%,145,"3,374"
1/27/2019,Google - Recruit - Desktop,USD,5.5,3109.45,88.30%,171,"4,279"
3/25/2017,Google - Recruit - Desktop,USD,1,211.17,98.64%,64,434
11/19/2018,Google - Recruit - Desktop,USD,18.33,6521.12,87.17%,341,"6,155"
2/27/2017,Google - Recruit - Desktop,USD,15,6288.62,85.37%,476,"11,745"
3/1/2017,Google - Recruit - Desktop,USD,20.33,7548.78,86.82%,502,"11,285"
3/14/2017,Google - Recruit - Desktop,USD,20,6236.34,85.66%,428,"10,415"
12/30/2017,Google - Recruit - Desktop,USD,0,331.80,98.61%,44,283
2/22/2018,Google - Recruit - Desktop,USD,24.8,11704.46,63.95%,563,"16,300"
3/21/2018,Google - Recruit - Desktop,USD,25,15140.00,84.44%,622,"14,611"
3/30/2018,Google - Recruit - Desktop,USD,14.53,9521.87,84.62%,390,"9,504"
4/23/2018,Google - Recruit - Desktop,USD,19,10154.83,82.57%,595,"12,908"
5/12/2018,Google - Recruit - Desktop,USD,1,1902.59,83.11%,129,"3,416"
8/4/2018,Google - Recruit - Desktop,USD,4,2356.00,83.68%,116,"2,908"
3/12/2017,Google - Recruit - Desktop,USD,2,195.00,98.65%,67,439
9/4/2017,Google - Recruit - Desktop,USD,0.57,505.73,99.23%,65,389
7/4/2018,Google - Recruit - Desktop,USD,1.5,72.95,98.86%,24,174
12/7/2018,Google - Recruit - Desktop,USD,12.5,7267.74,84.09%,377,"7,961"
3/22/2019,Google - Recruit - Desktop,USD,14,7944.69,67.69%,372,"6,965"
5/4/2019,Google - Recruit - Desktop,USD,4,2073.64,79.90%,98,"1,594"
6/14/2019,Google - Recruit - Desktop,USD,15,8737.95,87.92%,366,"6,595"
1/3/2017,Google - Recruit - Desktop,USD,14,4108.64,84.38%,359,"9,124"
3/4/2017,Google - Recruit - Desktop,USD,1,191.08,88.33%,75,"1,029"
7/20/2017,Google - Recruit - Desktop,USD,32.5,7577.76,67.12%,553,"17,200"
9/22/2017,Google - Recruit - Desktop,USD,17,8722.59,77.93%,532,"17,935"
10/19/2017,Google - Recruit - Desktop,USD,17.25,10236.60,84.04%,733,"19,448"
10/23/2017,Google - Recruit - Desktop,USD,23.25,11694.59,85.41%,742,"22,220"
11/20/2017,Google - Recruit - Desktop,USD,8,6550.64,86.10%,343,"5,115"
1/5/2018,Google - Recruit - Desktop,USD,10.58,7594.51,87.04%,458,"12,395"
7/16/2018,Google - Recruit - Desktop,USD,18.5,6989.88,90.11%,338,"6,541"
12/12/2018,Google - Recruit - Desktop,USD,28.75,9599.45,84.99%,507,"10,316"
1/4/2019,Google - Recruit - Desktop,USD,23.54,6685.57,87.57%,361,"7,755"
4/6/2019,Google - Recruit - Desktop,USD,2.75,2480.72,82.36%,108,"1,699"
7/12/2019,Google - Recruit - Desktop,USD,19.6,9014.83,85.58%,446,"8,413"
3/8/2019,Google - Recruit - Desktop,USD,17.83,7919.82,65.80%,404,"6,934"
1/7/2017,Google - Recruit - Desktop,USD,2,342.35,91.35%,63,"2,419"
1/13/2017,Google - Recruit - Desktop,USD,15,5454.25,85.31%,377,"9,144"
10/14/2017,Google - Recruit - Desktop,USD,1,1142.56,89.05%,97,"1,261"
2/28/2018,Google - Recruit - Desktop,USD,17.5,12212.65,74.19%,607,"16,254"
5/10/2018,Google - Recruit - Desktop,USD,20.33,7607.03,80.73%,512,"11,103"
8/8/2018,Google - Recruit - Desktop,USD,31.9,7954.11,89.52%,508,"9,491"
12/31/2017,Google - Recruit - Desktop,USD,0,143.10,99.08%,25,216
3/11/2017,Google - Recruit - Desktop,USD,5,197.41,97.69%,83,380
2/10/2019,Google - Recruit - Desktop,USD,9.5,3234.81,89.39%,170,"4,394"
3/28/2019,Google - Recruit - Desktop,USD,14.75,7333.69,63.51%,413,"6,373"
6/29/2019,Google - Recruit - Desktop,USD,0,734.44,96.03%,48,459
12/26/2018,Google - Recruit - Desktop,USD,6,630.95,99.26%,105,941
7/11/2017,Google - Recruit - Desktop,USD,20.5,7377.89,65.00%,615,"18,139"
5/20/2018,Google - Recruit - Desktop,USD,6,2473.27,84.30%,182,"4,253"
6/9/2018,Google - Recruit - Desktop,USD,1.6,696.56,81.73%,76,"1,642"
7/23/2017,Google - Recruit - Desktop,USD,1,286.65,92.83%,62,505
10/6/2018,Google - Recruit - Desktop,USD,3.4,2994.40,79.02%,206,"5,420"
5/6/2017,Google - Recruit - Desktop,USD,1,528.55,99.76%,65,413
12/6/2018,Google - Recruit - Desktop,USD,26.92,9437.31,74.31%,447,"9,105"
12/8/2018,Google - Recruit - Desktop,USD,2.33,1641.18,80.01%,134,"3,347"
2/13/2019,Google - Recruit - Desktop,USD,16.5,11136.05,71.61%,467,"8,134"
7/23/2019,Google - Recruit - Desktop,USD,13.17,15753.23,79.64%,629,"12,335"
9/1/2018,Google - Recruit - Desktop,USD,0.5,209.14,95.72%,28,246
1/22/2017,Google - Recruit - Desktop,USD,2,331.86,84.16%,72,"3,646"
7/27/2019,Google - Recruit - Desktop,USD,2,1027.33,89.97%,47,829
2/9/2017,Google - Recruit - Desktop,USD,18,5903.78,85.23%,491,"11,526"
3/9/2017,Google - Recruit - Desktop,USD,28,5963.14,87.21%,443,"10,907"
3/22/2017,Google - Recruit - Desktop,USD,31.21,5752.13,84.70%,512,"11,497"
4/3/2017,Google - Recruit - Desktop,USD,26.01,7011.15,85.52%,519,"10,835"
5/22/2017,Google - Recruit - Desktop,USD,9,4338.44,77.45%,373,"7,759"
9/28/2017,Google - Recruit - Desktop,USD,16.5,10591.21,81.00%,674,"22,739"
10/16/2017,Google - Recruit - Desktop,USD,21.25,10187.28,83.23%,728,"21,226"
11/2/2017,Google - Recruit - Desktop,USD,19.5,8261.00,87.58%,416,"8,236"
11/5/2017,Google - Recruit - Desktop,USD,3.5,820.29,99.37%,57,628
1/14/2018,Google - Recruit - Desktop,USD,1,769.65,96.25%,68,539
3/8/2018,Google - Recruit - Desktop,USD,22.5,10907.08,76.50%,629,"16,056"
5/14/2018,Google - Recruit - Desktop,USD,14,8110.45,87.80%,556,"10,889"
5/16/2018,Google - Recruit - Desktop,USD,24.06,7843.12,87.57%,575,"10,784"
6/28/2018,Google - Recruit - Desktop,USD,12.75,5352.45,90.02%,280,"5,320"
8/7/2018,Google - Recruit - Desktop,USD,14.92,7770.56,89.90%,432,"8,543"
8/15/2018,Google - Recruit - Desktop,USD,51.17,7963.70,90.70%,503,"10,077"
6/2/2019,Google - Recruit - Desktop,USD,0.5,1556.53,98.66%,55,590
4/9/2018,Google - Recruit - Desktop,USD,37.2,15294.44,85.04%,649,"13,073"
6/17/2018,Google - Recruit - Desktop,USD,1,633.78,82.75%,70,"2,053"
6/24/2018,Google - Recruit - Desktop,USD,0,847.91,79.36%,83,"2,176"
7/23/2018,Google - Recruit - Desktop,USD,14.5,6051.73,89.25%,363,"7,567"
7/18/2019,Google - Recruit - Desktop,USD,16.55,10501.45,80.14%,570,"10,455"
5/8/2017,Google - Recruit - Desktop,USD,14.9,7527.11,80.19%,404,"9,139"
3/27/2017,Google - Recruit - Desktop,USD,25,5880.24,84.66%,477,"11,165"
6/14/2018,Google - Recruit - Desktop,USD,16.25,4630.66,90.19%,392,"7,804"
12/2/2017,Google - Recruit - Desktop,USD,1,509.91,97.89%,50,975
8/22/2018,Google - Recruit - Desktop,USD,27.83,9801.38,92.05%,530,"10,259"
10/15/2018,Google - Recruit - Desktop,USD,22.33,11207.40,82.58%,630,"15,938"
6/24/2017,Google - Recruit - Desktop,USD,1,330.07,92.31%,75,492
7/2/2017,Google - Recruit - Desktop,USD,0,157.75,99.64%,43,277
5/28/2019,Google - Recruit - Desktop,USD,9.5,12025.51,89.19%,435,"6,246"
2/4/2017,Google - Recruit - Desktop,USD,3,191.19,84.38%,86,"1,188"
5/6/2018,Google - Recruit - Desktop,USD,9,4615.85,<10%,299,"12,411"
7/22/2018,Google - Recruit - Desktop,USD,4.5,2014.96,86.34%,142,"3,612"
9/11/2018,Google - Recruit - Desktop,USD,22.33,10084.90,86.65%,535,"10,070"
9/22/2018,Google - Recruit - Desktop,USD,2.6,2141.40,77.39%,121,"4,012"
2/5/2019,Google - Recruit - Desktop,USD,19,12995.96,77.61%,520,"9,627"
5/1/2019,Google - Recruit - Desktop,USD,9.15,7943.02,60.77%,343,"6,609"
6/30/2019,Google - Recruit - Desktop,USD,1,648.87,97.69%,39,593
7/15/2019,Google - Recruit - Desktop,USD,16.5,8708.92,80.99%,508,"10,069"
5/19/2019,Google - Recruit - Desktop,USD,0,2892.65,69.89%,91,"1,451"
1/9/2017,Google - Recruit - Desktop,USD,16.97,6334.78,84.01%,418,"11,406"
1/29/2017,Google - Recruit - Desktop,USD,3,336.79,87.71%,82,"4,212"
5/1/2017,Google - Recruit - Desktop,USD,22.88,5819.10,87.41%,426,"10,738"
7/18/2017,Google - Recruit - Desktop,USD,23.17,7777.35,65.05%,617,"20,002"
11/13/2017,Google - Recruit - Desktop,USD,16,6569.52,84.91%,387,"8,899"
11/23/2017,Google - Recruit - Desktop,USD,1,377.36,91.56%,47,282
2/16/2018,Google - Recruit - Desktop,USD,16.5,7804.26,74.59%,492,"13,347"
3/11/2018,Google - Recruit - Desktop,USD,6,2244.45,92.70%,101,"2,274"
4/18/2018,Google - Recruit - Desktop,USD,25.95,8750.86,86.07%,535,"11,161"
12/3/2017,Google - Recruit - Desktop,USD,1,573.11,97.12%,51,"1,113"
9/17/2018,Google - Recruit - Desktop,USD,35.22,10989.05,80.28%,560,"11,576"
11/6/2018,Google - Recruit - Desktop,USD,16.32,6308.47,78.86%,378,"6,032"
12/9/2018,Google - Recruit - Desktop,USD,10,2087.68,76.54%,162,"4,589"
1/7/2019,Google - Recruit - Desktop,USD,25.25,10514.91,87.85%,554,"8,841"
1/15/2019,Google - Recruit - Desktop,USD,18,10327.30,76.59%,519,"8,190"
12/22/2018,Google - Recruit - Desktop,USD,0,161.73,92.94%,24,237
6/8/2019,Google - Recruit - Desktop,USD,0,1166.67,99.10%,51,552
1/16/2017,Google - Recruit - Desktop,USD,10,4568.00,87.77%,409,"13,052"
5/27/2019,Google - Recruit - Desktop,USD,2,895.93,100.00%,91,568
2/22/2017,Google - Recruit - Desktop,USD,26,6271.25,86.42%,521,"11,466"
5/9/2017,Google - Recruit - Desktop,USD,14.18,5602.07,82.36%,366,"9,169"
12/11/2017,Google - Recruit - Desktop,USD,12.5,5993.43,82.99%,350,"6,640"
12/22/2017,Google - Recruit - Desktop,USD,6.7,3847.27,89.34%,189,"3,486"
4/20/2018,Google - Recruit - Desktop,USD,16.5,6835.54,82.96%,444,"9,481"
8/24/2018,Google - Recruit - Desktop,USD,20.25,8373.35,92.54%,414,"8,005"
10/23/2018,Google - Recruit - Desktop,USD,28.65,9357.42,86.10%,563,"13,361"
11/29/2018,Google - Recruit - Desktop,USD,20.83,6626.22,80.90%,333,"4,624"
12/18/2018,Google - Recruit - Desktop,USD,24.5,9602.62,88.71%,480,"9,407"
4/22/2017,Google - Recruit - Desktop,USD,1,347.75,99.05%,75,419
12/20/2018,Google - Recruit - Desktop,USD,13,3615.64,70.23%,250,"4,099"
12/21/2018,Google - Recruit - Desktop,USD,13.5,2315.71,95.47%,157,"2,594"
5/22/2019,Google - Recruit - Desktop,USD,18.05,10748.08,86.77%,453,"6,427"
6/26/2019,Google - Recruit - Desktop,USD,17.5,9825.97,80.58%,479,"10,011"
6/21/2017,Google - Recruit - Desktop,USD,29.93,7144.28,70.53%,573,"15,500"
11/15/2017,Google - Recruit - Desktop,USD,19.75,8155.35,84.26%,421,"8,524"
2/27/2018,Google - Recruit - Desktop,USD,32.5,12232.29,72.39%,609,"16,803"
3/23/2018,Google - Recruit - Desktop,USD,20,14031.70,85.85%,498,"11,298"
4/7/2018,Google - Recruit - Desktop,USD,11.5,2900.04,81.71%,146,"3,592"
10/12/2018,Google - Recruit - Desktop,USD,23.02,9339.83,84.33%,483,"11,859"
10/19/2018,Google - Recruit - Desktop,USD,16.67,8372.11,83.74%,437,"11,633"
12/10/2018,Google - Recruit - Desktop,USD,26.67,8867.58,83.65%,493,"10,258"
3/18/2019,Google - Recruit - Desktop,USD,16.5,9899.50,74.76%,456,"8,800"
9/5/2018,Google - Recruit - Desktop,USD,21.37,10812.67,89.81%,536,"10,948"
11/16/2018,Google - Recruit - Desktop,USD,13.17,7828.38,83.69%,391,"7,456"
12/2/2018,Google - Recruit - Desktop,USD,3,275.05,96.19%,51,429
6/11/2017,Google - Recruit - Desktop,USD,3.56,164.11,98.03%,57,348
6/3/2017,Google - Recruit - Desktop,USD,2,211.11,97.95%,51,335
6/17/2017,Google - Recruit - Desktop,USD,0,257.52,93.00%,45,332
3/7/2019,Google - Recruit - Desktop,USD,21.5,9717.14,69.66%,497,"9,025"
3/10/2019,Google - Recruit - Desktop,USD,3,2285.68,71.52%,145,"2,941"
11/21/2018,Google - Recruit - Desktop,USD,4.33,2013.73,93.80%,120,"1,628"
1/15/2017,Google - Recruit - Desktop,USD,2,248.43,87.31%,83,"3,158"
12/28/2018,Google - Recruit - Desktop,USD,1.5,880.74,99.33%,120,"1,036"
1/2/2017,Google - Recruit - Desktop,USD,6,203.67,98.23%,99,555
5/3/2017,Google - Recruit - Desktop,USD,18.82,6713.95,60.84%,473,"10,498"
8/28/2017,Google - Recruit - Desktop,USD,8.83,5575.33,62.28%,411,"10,737"
4/26/2018,Google - Recruit - Desktop,USD,20.17,9317.89,85.92%,566,"13,228"
8/27/2018,Google - Recruit - Desktop,USD,26.5,10195.29,91.13%,493,"10,268"
12/25/2017,Google - Recruit - Desktop,USD,0.5,275.33,97.74%,40,216
7/11/2019,Google - Recruit - Desktop,USD,24.67,10056.46,85.83%,540,"10,509"
1/25/2017,Google - Recruit - Desktop,USD,24,6096.90,82.80%,454,"12,809"
3/15/2017,Google - Recruit - Desktop,USD,32,7367.81,84.98%,475,"10,837"
6/2/2017,Google - Recruit - Desktop,USD,13,5633.72,75.11%,353,"8,442"
7/12/2017,Google - Recruit - Desktop,USD,26.17,7191.54,66.15%,601,"17,538"
1/21/2018,Google - Recruit - Desktop,USD,2,964.59,98.08%,86,561
5/5/2018,Google - Recruit - Desktop,USD,9.83,2476.40,<10%,191,"9,718"
9/12/2018,Google - Recruit - Desktop,USD,25.08,9308.46,87.58%,511,"10,066"
9/30/2018,Google - Recruit - Desktop,USD,7,3493.77,74.17%,183,"5,790"
2/22/2019,Google - Recruit - Desktop,USD,20,8650.14,78.14%,358,"7,160"
3/11/2019,Google - Recruit - Desktop,USD,24.75,9739.99,79.92%,494,"8,424"
7/16/2019,Google - Recruit - Desktop,USD,12.33,12057.65,78.67%,620,"11,071"
6/30/2017,Google - Recruit - Desktop,USD,22.75,5112.94,76.01%,393,"12,261"
9/23/2017,Google - Recruit - Desktop,USD,1.25,1893.70,94.11%,79,"1,077"
5/29/2018,Google - Recruit - Desktop,USD,34.17,6471.52,88.69%,532,"9,698"
8/2/2018,Google - Recruit - Desktop,USD,19.25,6445.95,77.82%,355,"8,557"
11/11/2017,Google - Recruit - Desktop,USD,2,429.06,96.67%,54,319
6/1/2018,Google - Recruit - Desktop,USD,21.5,4184.83,88.78%,300,"6,101"
10/16/2018,Google - Recruit - Desktop,USD,31.12,11402.04,83.48%,604,"16,300"
5/14/2017,Google - Recruit - Desktop,USD,1,125.82,98.29%,34,288
5/21/2017,Google - Recruit - Desktop,USD,0,189.53,97.56%,52,360
12/16/2018,Google - Recruit - Desktop,USD,6.5,2730.05,82.24%,162,"4,016"
1/24/2019,Google - Recruit - Desktop,USD,17.75,9347.80,82.75%,514,"9,302"
2/1/2019,Google - Recruit - Desktop,USD,14.79,8514.29,86.43%,392,"8,453"
4/8/2019,Google - Recruit - Desktop,USD,14.83,9715.01,48.22%,413,"9,973"
5/15/2019,Google - Recruit - Desktop,USD,11.91,8704.97,74.49%,399,"7,077"
6/1/2019,Google - Recruit - Desktop,USD,2,1033.46,99.37%,46,472
1/23/2017,Google - Recruit - Desktop,USD,25,6793.52,61.28%,562,"16,993"
4/13/2017,Google - Recruit - Desktop,USD,19.25,7302.91,85.80%,461,"10,550"
6/16/2017,Google - Recruit - Desktop,USD,17.5,3675.16,75.27%,345,"8,175"
12/20/2017,Google - Recruit - Desktop,USD,9.12,4983.91,87.09%,280,"5,762"
2/25/2018,Google - Recruit - Desktop,USD,2.5,2815.89,91.86%,127,"2,934"
9/15/2018,Google - Recruit - Desktop,USD,7.5,2925.77,73.11%,131,"3,739"
2/7/2019,Google - Recruit - Desktop,USD,24.17,11754.84,82.64%,437,"8,452"
7/9/2017,Google - Recruit - Desktop,USD,1,345.81,94.04%,71,489
4/8/2017,Google - Recruit - Desktop,USD,1,244.35,99.27%,67,407
8/31/2018,Google - Recruit - Desktop,USD,1.33,952.77,90.93%,77,"1,215"
10/31/2018,Google - Recruit - Desktop,USD,34.5,4301.00,91.62%,250,"3,640"
3/20/2019,Google - Recruit - Desktop,USD,23.25,9021.38,75.57%,506,"8,920"
6/23/2019,Google - Recruit - Desktop,USD,0,1154.97,97.23%,43,596
7/29/2019,Google - Recruit - Desktop,USD,20.5,16824.96,84.13%,634,"12,014"
1/5/2017,Google - Recruit - Desktop,USD,14,6893.20,85.16%,471,"10,084"
4/4/2017,Google - Recruit - Desktop,USD,23.83,7684.88,83.25%,493,"10,973"
4/19/2017,Google - Recruit - Desktop,USD,37.82,7275.73,87.48%,520,"12,282"
8/8/2017,Google - Recruit - Desktop,USD,17.58,6221.49,77.35%,507,"14,689"
10/5/2017,Google - Recruit - Desktop,USD,29.45,9621.48,75.87%,676,"17,957"
11/6/2017,Google - Recruit - Desktop,USD,18.58,9005.44,82.01%,435,"8,751"
4/10/2018,Google - Recruit - Desktop,USD,43.5,13919.24,86.28%,628,"13,256"
7/13/2018,Google - Recruit - Desktop,USD,7.33,5885.35,90.07%,214,"4,716"
6/10/2018,Google - Recruit - Desktop,USD,6,936.68,81.66%,105,"2,561"
4/18/2019,Google - Recruit - Desktop,USD,16.33,8689.97,50.00%,455,"10,136"
7/1/2019,Google - Recruit - Desktop,USD,18.25,9678.90,80.04%,491,"9,381"
3/5/2019,Google - Recruit - Desktop,USD,16,10560.05,70.57%,515,"7,725"
4/27/2019,Google - Recruit - Desktop,USD,4,2061.66,80.34%,90,"1,781"
5/17/2019,Google - Recruit - Desktop,USD,8.58,6317.55,78.21%,310,"4,841"
5/27/2018,Google - Recruit - Desktop,USD,0,367.35,97.20%,52,347
5/5/2017,Google - Recruit - Desktop,USD,7.45,5409.95,79.15%,392,"8,070"
6/8/2017,Google - Recruit - Desktop,USD,23,5519.80,74.70%,399,"10,174"
6/27/2017,Google - Recruit - Desktop,USD,18.03,6790.47,76.86%,564,"17,997"
3/19/2018,Google - Recruit - Desktop,USD,27.83,12581.23,84.94%,602,"14,365"
6/23/2018,Google - Recruit - Desktop,USD,1.5,671.76,81.15%,72,"1,709"
8/3/2018,Google - Recruit - Desktop,USD,6.4,5167.16,78.14%,254,"6,231"
8/23/2018,Google - Recruit - Desktop,USD,33.5,10047.41,90.67%,516,"9,563"
4/15/2019,Google - Recruit - Desktop,USD,16.83,10445.87,51.60%,481,"11,577"
5/7/2019,Google - Recruit - Desktop,USD,12.99,8864.17,53.28%,439,"8,404"
6/10/2019,Google - Recruit - Desktop,USD,14.17,12307.95,86.89%,477,"8,227"
2/15/2017,Google - Recruit - Desktop,USD,19.5,6669.96,87.07%,489,"12,176"
10/11/2017,Google - Recruit - Desktop,USD,24.92,12179.08,79.71%,756,"21,423"
1/18/2018,Google - Recruit - Desktop,USD,23,10915.06,82.58%,518,"13,903"
4/3/2018,Google - Recruit - Desktop,USD,18.5,14075.53,75.23%,604,"13,028"
7/26/2018,Google - Recruit - Desktop,USD,17.82,6448.23,86.80%,317,"7,226"
7/8/2018,Google - Recruit - Desktop,USD,8,1071.69,83.98%,78,"2,391"
8/13/2018,Google - Recruit - Desktop,USD,20.5,8436.16,91.28%,440,"9,350"
12/15/2018,Google - Recruit - Desktop,USD,9,1973.80,80.92%,133,"3,232"
1/6/2019,Google - Recruit - Desktop,USD,6,2643.19,90.36%,134,"2,943"
2/21/2019,Google - Recruit - Desktop,USD,15.67,11776.52,72.35%,448,"8,111"
7/3/2017,Google - Recruit - Desktop,USD,1,322.40,97.65%,90,540
4/5/2019,Google - Recruit - Desktop,USD,17.33,7385.69,56.08%,354,"9,360"
12/31/2018,Google - Recruit - Desktop,USD,9,411.66,99.02%,64,607
4/5/2017,Google - Recruit - Desktop,USD,20,6989.16,87.01%,503,"12,260"
1/10/2018,Google - Recruit - Desktop,USD,18.58,8797.81,69.04%,518,"13,806"
4/6/2018,Google - Recruit - Desktop,USD,27.33,8754.36,84.72%,450,"10,089"
5/11/2018,Google - Recruit - Desktop,USD,24.69,5363.83,85.76%,380,"8,588"
7/31/2018,Google - Recruit - Desktop,USD,17.6,6532.76,87.53%,338,"7,709"
7/25/2017,Google - Recruit - Desktop,USD,13.4,6074.91,75.86%,542,"15,476"
9/25/2018,Google - Recruit - Desktop,USD,24.67,10252.52,82.11%,528,"13,545"
1/18/2017,Google - Recruit - Desktop,USD,27,6885.96,87.11%,551,"17,233"
7/7/2017,Google - Recruit - Desktop,USD,19.5,5024.12,70.08%,474,"14,783"
8/18/2017,Google - Recruit - Desktop,USD,13,5162.43,67.17%,422,"9,199"
11/3/2017,Google - Recruit - Desktop,USD,12.25,7065.98,83.04%,357,"7,022"
6/6/2018,Google - Recruit - Desktop,USD,15.33,5639.14,89.98%,402,"8,303"
7/11/2018,Google - Recruit - Desktop,USD,17.67,5828.45,92.25%,288,"6,355"
7/14/2018,Google - Recruit - Desktop,USD,0,644.33,85.39%,50,"1,315"
9/18/2018,Google - Recruit - Desktop,USD,31.4,11174.11,79.94%,562,"12,113"
9/26/2018,Google - Recruit - Desktop,USD,25.58,10897.66,83.00%,559,"13,619"
10/27/2018,Google - Recruit - Desktop,USD,9.25,2912.49,85.08%,177,"3,733"
4/2/2017,Google - Recruit - Desktop,USD,1,225.31,99.09%,69,437
4/29/2017,Google - Recruit - Desktop,USD,1,190.95,98.58%,64,418
5/6/2019,Google - Recruit - Desktop,USD,16.18,11496.47,55.97%,467,"8,058"
5/9/2019,Google - Recruit - Desktop,USD,25.96,9878.40,49.01%,448,"8,619"
6/22/2019,Google - Recruit - Desktop,USD,0,1160.70,96.81%,45,516
3/8/2017,Google - Recruit - Desktop,USD,13,5277.74,87.54%,509,"11,722"
10/15/2017,Google - Recruit - Desktop,USD,3,1687.72,89.66%,106,"1,664"
11/22/2017,Google - Recruit - Desktop,USD,4.25,3220.48,92.09%,208,"2,967"
1/17/2018,Google - Recruit - Desktop,USD,16.67,8550.86,78.84%,491,"13,801"
1/22/2018,Google - Recruit - Desktop,USD,18.43,12190.19,79.55%,547,"14,646"
5/3/2018,Google - Recruit - Desktop,USD,18,8157.71,<10%,576,"17,111"
6/18/2018,Google - Recruit - Desktop,USD,20.33,4904.79,89.57%,373,"8,292"
7/10/2018,Google - Recruit - Desktop,USD,11.53,5867.78,91.94%,292,"6,224"
8/26/2018,Google - Recruit - Desktop,USD,6.5,2903.42,87.85%,157,"3,683"
9/8/2018,Google - Recruit - Desktop,USD,4.5,1996.31,80.74%,116,"2,973"
11/10/2018,Google - Recruit - Desktop,USD,4.5,1883.74,78.40%,123,"3,038"
4/10/2019,Google - Recruit - Desktop,USD,27.83,9414.77,55.79%,484,"10,006"
1/21/2017,Google - Recruit - Desktop,USD,1,275.55,84.21%,66,"3,077"
2/16/2017,Google - Recruit - Desktop,USD,20,6300.74,86.80%,535,"11,593"
5/12/2017,Google - Recruit - Desktop,USD,15,4354.46,84.44%,314,"6,989"
2/18/2018,Google - Recruit - Desktop,USD,10.33,750.42,98.94%,63,468
6/3/2018,Google - Recruit - Desktop,USD,2,1862.09,83.73%,136,"3,113"
10/7/2018,Google - Recruit - Desktop,USD,10.77,4199.97,76.19%,253,"7,377"
11/11/2018,Google - Recruit - Desktop,USD,5,1945.07,72.23%,137,"4,608"
12/29/2017,Google - Recruit - Desktop,USD,3.14,806.95,98.59%,111,699
1/22/2019,Google - Recruit - Desktop,USD,15.5,8793.83,84.51%,478,"8,912"
7/14/2019,Google - Recruit - Desktop,USD,0,487.67,94.43%,42,559
6/24/2019,Google - Recruit - Desktop,USD,17.99,14442.55,82.23%,557,"10,514"
7/26/2019,Google - Recruit - Desktop,USD,9.5,13147.19,88.01%,472,"9,315"
1/14/2017,Google - Recruit - Desktop,USD,2,290.85,90.62%,81,"2,724"
4/26/2017,Google - Recruit - Desktop,USD,26.1,7232.08,88.88%,550,"12,537"
5/10/2017,Google - Recruit - Desktop,USD,26.5,6726.29,82.28%,419,"9,157"
9/30/2017,Google - Recruit - Desktop,USD,2.5,1397.63,91.27%,89,"1,348"
10/28/2017,Google - Recruit - Desktop,USD,2,1857.33,93.01%,107,"1,264"
11/9/2017,Google - Recruit - Desktop,USD,17,7609.39,81.65%,421,"7,948"
1/7/2018,Google - Recruit - Desktop,USD,4,994.69,95.75%,75,586
1/11/2018,Google - Recruit - Desktop,USD,16.03,9172.75,77.59%,491,"13,450"
6/16/2018,Google - Recruit - Desktop,USD,2,691.86,84.79%,68,"1,700"
1/21/2019,Google - Recruit - Desktop,USD,29.85,7368.84,86.71%,437,"7,886"
3/27/2019,Google - Recruit - Desktop,USD,29.5,8344.27,69.34%,442,"7,308"
4/4/2019,Google - Recruit - Desktop,USD,26.75,8860.87,38.95%,414,"10,590"
4/11/2019,Google - Recruit - Desktop,USD,22.5,9660.10,59.53%,468,"9,852"
4/30/2019,Google - Recruit - Desktop,USD,11,6903.05,72.78%,364,"6,586"
1/12/2017,Google - Recruit - Desktop,USD,16,6790.05,81.88%,472,"11,526"
5/31/2017,Google - Recruit - Desktop,USD,16.18,5772.38,90.55%,383,"5,690"
1/20/2018,Google - Recruit - Desktop,USD,1,607.21,97.42%,69,528
4/14/2018,Google - Recruit - Desktop,USD,3,2254.99,81.60%,139,"2,821"
10/17/2018,Google - Recruit - Desktop,USD,32.03,10085.88,84.34%,563,"15,685"
6/5/2017,Google - Recruit - Desktop,USD,8.01,4723.73,73.69%,392,"10,638"
7/10/2017,Google - Recruit - Desktop,USD,26.45,7613.05,72.43%,575,"18,670"
12/14/2017,Google - Recruit - Desktop,USD,14,5468.09,87.18%,314,"5,982"
4/22/2018,Google - Recruit - Desktop,USD,6,2173.05,75.15%,168,"3,443"
5/31/2018,Google - Recruit - Desktop,USD,24.67,6260.11,86.57%,455,"8,619"
3/3/2018,Google - Recruit - Desktop,USD,1,2051.44,92.76%,115,"1,856"
7/5/2018,Google - Recruit - Desktop,USD,7,4481.19,90.63%,205,"4,683"
4/30/2017,Google - Recruit - Desktop,USD,1,272.61,96.90%,86,438
4/25/2019,Google - Recruit - Desktop,USD,29.33,10352.07,55.12%,461,"10,662"
5/24/2019,Google - Recruit - Desktop,USD,19.5,7688.45,85.12%,320,"4,584"
3/12/2019,Google - Recruit - Desktop,USD,9.5,8715.70,72.27%,480,"9,032"
6/15/2019,Google - Recruit - Desktop,USD,0,980.70,98.77%,48,481
12/29/2018,Google - Recruit - Desktop,USD,2,300.24,97.52%,41,314
7/10/2019,Google - Recruit - Desktop,USD,20.47,9007.43,84.46%,484,"10,361"
5/29/2019,Google - Recruit - Desktop,USD,19.7,8598.91,76.87%,412,"5,872"
6/9/2019,Google - Recruit - Desktop,USD,2,2115.72,98.15%,57,532
6/20/2019,Google - Recruit - Desktop,USD,19.39,11609.67,81.93%,507,"9,841"
11/22/2018,Google - Recruit - Desktop,USD,0,79.70,98.49%,20,261
7/13/2019,Google - Recruit - Desktop,USD,0,143.26,94.21%,29,407
7/5/2019,Google - Recruit - Desktop,USD,2,1055.72,99.87%,100,767
5/2/2017,Google - Recruit - Desktop,USD,31.51,7363.45,82.52%,497,"10,430"
5/24/2017,Google - Recruit - Desktop,USD,7.33,6621.08,90.66%,328,"5,279"
1/25/2018,Google - Recruit - Desktop,USD,23.87,11304.71,75.96%,564,"14,732"
6/19/2018,Google - Recruit - Desktop,USD,19.33,6216.04,90.79%,447,"8,692"
7/3/2018,Google - Recruit - Desktop,USD,10.5,4140.82,88.76%,194,"4,439"
7/7/2018,Google - Recruit - Desktop,USD,1,1025.98,78.35%,48,"1,643"
9/19/2018,Google - Recruit - Desktop,USD,36.21,11309.98,81.17%,575,"12,155"
9/24/2018,Google - Recruit - Desktop,USD,27.2,10274.73,82.03%,584,"14,238"
2/27/2019,Google - Recruit - Desktop,USD,21.5,10368.06,76.42%,443,"8,159"
2/24/2017,Google - Recruit - Desktop,USD,19.33,4862.00,85.84%,368,"9,431"
3/30/2017,Google - Recruit - Desktop,USD,20.99,7521.67,87.52%,521,"11,625"
5/4/2017,Google - Recruit - Desktop,USD,10.67,5949.42,71.27%,449,"10,347"
5/16/2017,Google - Recruit - Desktop,USD,20.13,5747.08,81.45%,444,"10,585"
7/26/2017,Google - Recruit - Desktop,USD,11.7,7089.25,81.49%,501,"16,650"
10/12/2017,Google - Recruit - Desktop,USD,24.25,10101.47,78.45%,710,"19,299"
3/6/2018,Google - Recruit - Desktop,USD,24.87,13221.33,80.21%,681,"17,269"
3/12/2018,Google - Recruit - Desktop,USD,28.07,11849.63,82.48%,608,"14,926"
4/2/2018,Google - Recruit - Desktop,USD,18.08,12284.27,83.47%,546,"13,528"
4/30/2018,Google - Recruit - Desktop,USD,23.5,9555.17,86.72%,628,"12,488"
11/2/2018,Google - Recruit - Desktop,USD,21.33,5722.68,85.49%,291,"4,160"
6/11/2019,Google - Recruit - Desktop,USD,17,14745.83,85.48%,505,"8,594"
1/8/2017,Google - Recruit - Desktop,USD,2,302.18,89.73%,83,"2,797"
1/31/2017,Google - Recruit - Desktop,USD,14,5710.40,83.70%,346,"8,908"
2/12/2017,Google - Recruit - Desktop,USD,1,196.88,88.98%,79,"1,050"
6/15/2017,Google - Recruit - Desktop,USD,25.25,4982.45,75.98%,385,"10,111"
9/7/2017,Google - Recruit - Desktop,USD,27,8090.06,73.34%,560,"17,551"
11/30/2017,Google - Recruit - Desktop,USD,2.33,4491.97,95.61%,243,"2,202"
1/13/2018,Google - Recruit - Desktop,USD,0,551.06,96.68%,50,524
3/9/2018,Google - Recruit - Desktop,USD,20.5,10064.60,76.13%,517,"14,391"
4/15/2018,Google - Recruit - Desktop,USD,6,3545.44,77.99%,159,"3,654"
6/20/2018,Google - Recruit - Desktop,USD,18.5,5739.65,86.03%,366,"8,165"
3/19/2017,Google - Recruit - Desktop,USD,2,228.02,98.91%,89,455
7/1/2017,Google - Recruit - Desktop,USD,0,228.24,99.30%,55,284
7/8/2017,Google - Recruit - Desktop,USD,1,396.71,91.70%,79,530
8/12/2017,Google - Recruit - Desktop,USD,1,335.40,93.19%,61,479
7/9/2019,Google - Recruit - Desktop,USD,20.64,10705.71,81.84%,535,"9,980"
2/17/2017,Google - Recruit - Desktop,USD,12,5491.40,86.83%,365,"9,489"
4/14/2017,Google - Recruit - Desktop,USD,19.33,4629.23,88.50%,311,"8,992"
2/5/2017,Google - Recruit - Desktop,USD,4,253.33,85.43%,82,"1,132"
7/22/2017,Google - Recruit - Desktop,USD,1,304.72,94.75%,58,505
9/25/2017,Google - Recruit - Desktop,USD,25.33,10428.81,81.16%,633,"23,325"
10/17/2017,Google - Recruit - Desktop,USD,29.08,9320.22,79.98%,699,"20,867"
5/8/2018,Google - Recruit - Desktop,USD,29.06,6102.96,84.98%,521,"11,080"
6/7/2018,Google - Recruit - Desktop,USD,18.33,5054.71,89.19%,391,"7,961"
7/12/2018,Google - Recruit - Desktop,USD,14.5,5394.52,92.17%,281,"5,811"
11/4/2018,Google - Recruit - Desktop,USD,3.83,1702.91,79.44%,114,"2,210"
12/4/2018,Google - Recruit - Desktop,USD,22.92,6571.21,77.02%,454,"9,476"
6/10/2017,Google - Recruit - Desktop,USD,1.5,239.64,97.44%,47,305
5/11/2019,Google - Recruit - Desktop,USD,2.83,2836.66,84.44%,82,"1,400"
5/20/2019,Google - Recruit - Desktop,USD,7.33,8886.99,85.92%,421,"7,172"
6/25/2019,Google - Recruit - Desktop,USD,15,11093.40,82.31%,545,"9,801"
1/24/2017,Google - Recruit - Desktop,USD,20,6757.24,76.28%,586,"18,577"
9/11/2017,Google - Recruit - Desktop,USD,19.83,8068.82,79.75%,540,"22,922"
10/21/2017,Google - Recruit - Desktop,USD,6.25,1579.25,92.15%,100,"1,326"
7/27/2018,Google - Recruit - Desktop,USD,15,5226.18,86.47%,278,"6,091"
6/27/2018,Google - Recruit - Desktop,USD,12.5,6325.14,88.89%,294,"6,692"
9/21/2018,Google - Recruit - Desktop,USD,15.67,8625.99,82.50%,445,"9,950"
10/29/2018,Google - Recruit - Desktop,USD,13,9115.11,78.50%,436,"7,384"
12/27/2017,Google - Recruit - Desktop,USD,2,883.09,98.62%,121,856
5/10/2019,Google - Recruit - Desktop,USD,13.83,7657.17,60.70%,362,"6,410"
7/22/2019,Google - Recruit - Desktop,USD,21.83,9632.63,81.29%,499,"10,992"
5/25/2019,Google - Recruit - Desktop,USD,0,407.78,97.78%,27,220
3/29/2019,Google - Recruit - Desktop,USD,13.83,6321.90,72.02%,373,"7,088"
5/30/2019,Google - Recruit - Desktop,USD,10.5,7632.34,79.92%,397,"5,891"
6/13/2019,Google - Recruit - Desktop,USD,25,13109.92,86.82%,526,"8,550"
6/28/2019,Google - Recruit - Desktop,USD,10,7609.04,81.68%,386,"7,181"
1/11/2017,Google - Recruit - Desktop,USD,17,7503.89,84.23%,474,"11,072"
12/25/2018,Google - Recruit - Desktop,USD,0,201.43,99.66%,33,292
9/17/2017,Google - Recruit - Desktop,USD,4.67,1761.58,93.00%,102,"1,129"
10/6/2017,Google - Recruit - Desktop,USD,16.33,7687.02,77.01%,537,"15,823"
10/24/2017,Google - Recruit - Desktop,USD,27.75,14275.26,86.03%,888,"22,345"
3/31/2018,Google - Recruit - Desktop,USD,4,2133.40,92.16%,106,"2,304"
5/17/2018,Google - Recruit - Desktop,USD,26.4,7667.41,87.91%,556,"10,330"
10/26/2018,Google - Recruit - Desktop,USD,19.5,7520.90,88.19%,435,"8,738"
11/13/2018,Google - Recruit - Desktop,USD,32.75,9319.58,84.39%,506,"10,717"
5/20/2017,Google - Recruit - Desktop,USD,2,236.26,97.38%,59,371
3/16/2019,Google - Recruit - Desktop,USD,0.5,2142.38,65.80%,109,"1,924"
12/30/2018,Google - Recruit - Desktop,USD,0,282.56,98.86%,22,261
12/27/2018,Google - Recruit - Desktop,USD,6,924.94,99.24%,131,"1,050"
